{"iter": 5000, "train/loss": 0.6180573105812073, "val/loss": 1.7004202604293823, "lr": 0.0001, "mfu": 4.0435307754904075, "_timestamp": 1710431436.7932887, "_runtime": 693.1490387916565, "_step": 20, "_wandb": {"runtime": 690}}