{"iter": 5000, "train/loss": 0.6183499693870544, "val/loss": 1.711371898651123, "lr": 0.0001, "mfu": 3.8621177445107566, "_timestamp": 1710425260.7666001, "_runtime": 696.6396811008453, "_step": 20, "_wandb": {"runtime": 694}}